text,attitudes,comments,reposts
#垃圾分类#【两只捡垃圾的环保小卫士，乱扔垃圾的是不是要脸红了~】两只小可爱腊肠犬Hooch（胡奇）和Dudley（达德利），每天跟着主人捡垃圾。主人Amber Lednor（安伯·莱德诺），每天都会带着它们外出散步，在散步的同时，他们会捡起地上的各种垃圾，然后将其丢进垃圾桶里。,0,0,0
#垃圾分类# Yummy欣的秒拍视频,0,0,0
#垃圾分类# 【风口上的学院成立！网友：真正的“垃圾学院”】眼下，垃圾分类在很多地方即将实施，而如何将自己的垃圾分类处理好成为了很多人头疼的问题。近日，被称为国内首家的浙江台州垃圾分类公众教育学院成立！因为垃圾分类的第一个字和第三个字取谐音“拉风”，所以学院也叫“拉风”学院。站在垃 ...全文,0,0,0
#垃圾分类#听说改放碑开始垃圾分类了那就抓紧去小吃街吃点啥吧哈哈哈 重庆·锦丰汇花园小区,0,0,0
你觉得垃圾分类很难，请看看这些图。#上海垃圾分类##全民垃圾分类##垃圾分类#,0,0,0
我看了下，就算不是可回收垃圾（一般快递箱和一些沐浴的大瓶子我会单独扔），普通干垃圾里面百分之七八十也是塑料袋塑料纸等等。真的感觉塑料已经占领日常生活了。其它一些大多就是些用过的面巾纸，碎纸张。真的很单一。希望以后能进一步细化。#垃圾分类#,0,0,0
#垃圾分类# 对我最大的影响鸡肉卷里的洋葱，之前都要捡出来，垃圾分类后，忍了忍没吐出来。。之前煮红豆薏米汤，我只喝汤，不吃红豆，干湿分离后，把豆子捞出来当晚饭了。。买了一盒蓝莓，怕放到第二天有坏的，不好扔，一晚上吃光了。。也不做饭了，也不叫外卖了。。。。,0,0,0
当你觉得垃圾分类很难。请看看这些图片。#上海垃圾分类##垃圾分类# ？#下一个城市全民垃圾分类。#,0,0,0
垃圾箱还不让人放垃圾了看来这个垃圾箱只能放工业垃圾、建筑垃圾？如果我改天放点水泥砖头进去 ，是不是要贴“禁止放垃圾”？#垃圾分类# 潍坊,0,0,0
#垃圾分类# 我在想 垃圾分类以后会不会出现在高考题里 ....,0,0,0
#垃圾分类# #垃圾分类挑战# #垃圾分类就是新时尚# 怎么感觉跟看管犯人似的。,0,0,0
#垃圾分类# 今天你垃圾分类了吗？ 中通云仓科技的微博视频,0,0,0
#太原身边事##垃圾分类#【新规来了！在太原个人如未按规定投放最高罚款200元】目前，太原市正在制定生活垃圾分类试点的实施方案，将主要用于迎泽区、小店区的垃圾分类直运标杆试点小区的推进，初步选定小店区平阳景苑小区等10个片区开展定点投放、垃圾直运试点，并取消街面垃圾桶。同时，选定迎 ...全文,0,0,1
#垃圾分类# 包了狗屎的纸是什么垃圾？？真刺激,0,0,0
#垃圾分类# 一桌海鲜变成了湿垃圾#被风吹过的夏天# 北京 Panda小先的微博视频,1,2,0
#长沙旅游# #长沙旅游攻略# #防洪防汛# #垃圾分类# #垃圾处理#,0,0,0
#垃圾分类#要从自身做起~！,0,0,0
啊啊啊啊啊啊啊啊你快给我出来我一定要喝干净#垃圾分类#,0,0,0
我jio的～现在产品设计包装的时候可以顺便标注下外包装垃圾属性了#垃圾分类#,1,0,0
办公室用粘鼠板粘了一只老鼠，属于什么垃圾，难道还要把老鼠和粘鼠板分开🙃🙃🙃#垃圾分类#,0,0,0
【#垃圾分类# 进行时，快递企业先行】垃圾分类政策实施后，企业也认准商机推出相应产品。近日，北京商报记者注意到，有企业拟推出一款快递垃圾回收机器，该机器可通过“人机结合”的方式有效的回收快递包装等垃圾。实际上，在垃圾分类政策实施前，已有不少快递企业开始着手行业绿色化，并推出相应计划 ...全文,0,0,0
#垃圾分类##瓶盖挑战#,1,0,0
#垃圾分类# 进口垃圾！！！,0,0,0
#垃圾分类#少吃点比什么都还好🤷🏻♀️,0,0,0
#申论热点# #垃圾分类# 【公务员考试申论热点：垃圾分类】随着城市发展的加速，城市垃圾越来越多，一些城市甚至出现了“垃圾围墙”的隐忧。垃圾分类投放和回收利用是减少垃圾和垃圾资源化的有效方法，也是城市垃圾治理的大方向.......,1,0,1
#垃圾分类#垃圾被抽查比上课被老师点名还可怕，点名答不上顶多罚站，垃圾抽查不合格直接罚款。 上海,0,0,0
听说我高中也开始垃圾分类了 其实我记得一开始就有 但每个垃圾箱都贴的是不同的英文 我就能看懂只一个叫paper.. 而且每个角落只有一种垃圾箱 所以没什么意义 现在换成中文且每个角落不止一个了 不错不错#垃圾分类#,1,0,0
#垃圾分类#垃圾被抽查比上课被老师点名还可怕，点名答不上顶多罚站，垃圾抽查不合格直接罚款。 上海,0,0,0
#垃圾分类##垃圾分类挑战##垃圾分类就是新时尚# 垃圾分类，从我做起 南昌,0,0,0
婚礼堵门分享#垃圾分类#——————————————婚礼时，为什么要堵门古人比较讲究孝道女儿出嫁就是别人家的了所以堵门代表不舍得女儿是吉祥的垃圾分类成了堵门游戏人生到达了新高度#婚礼接亲堵门游戏# 婚礼司仪万波的微博视频,3,0,0
#垃圾分类# 4⃣️在韩国，地铁里只分可回收物和一般垃圾，但是小区里分得很细: 纸，塑料，玻璃瓶，罐头，都是可回收的，饮食垃圾和一般垃圾要买专门的垃圾袋装，扔家具家电的话要买个条贴上。 微博视频 #垃圾分类#,0,0,0
#垃圾分类# 2⃣️在韩国，地铁里只分可回收物和一般垃圾，但是小区里分得很细: 纸，塑料，玻璃瓶，罐头，都是可回收的，饮食垃圾和一般垃圾要买专门的垃圾袋装，扔家具家电的话要买个条贴上。 微博视频 #垃圾分类#,0,0,0
#垃圾分类# 3⃣️在韩国，地铁里只分可回收物和一般垃圾，但是小区里分得很细: 纸，塑料，玻璃瓶，罐头，都是可回收的，饮食垃圾和一般垃圾要买专门的垃圾袋装，扔家具家电的话要买个条贴上。 微博视频 #垃圾分类#,0,0,0
点外面 然后吃不完 真的太痛苦了💣💣#垃圾分类#,0,0,0
#垃圾分类# 让我们看看邻国韩国民众的日常垃圾分类……待续 微博视频 #垃圾分类#,0,1,0
突然想到一个主意，如果##5g手机#和#AI识别# 以及#垃圾分类# 结合绝对会大卖! ps:本图和文字无关,0,0,0
大家好我是国内第一名职业垃圾分类员，加入我的团队，我带你发财#垃圾分类#,0,1,0
#瑞典出现垃圾不够用的状况# 虽然国情不同，但是那99％的垃圾回收率，让我们看到了#垃圾分类# 的重要作用。,0,0,0
有没上海的小姐姐教下垃圾分类呢？（明天就要去上海玩的我）沾上冰激凌的纸怎么办。。。沾上油的包装纸怎么办。。。奶茶怎么办。。。#垃圾分类#垃圾分类超话,0,4,0
#垃圾分类##淮北#太好了太好了，我们家楼下还没有垃圾分类的垃圾桶，希望不要波及我们家，不然我只能滚去蚌埠,0,0,0
#垃圾分类挑战##垃圾分类#今日份垃圾分类在线沙雕营业,2,6,0
#垃圾分类# 曾經，我吃完一份外賣是因為我真的餓了。如今，是我餓了之餘我還不想垃圾分類。一根菜一根蔥我都不敢有剩。,0,0,0
#我在西安上学# 【西安交大崇实书院发布垃圾分类主题微电影《崇实·重拾》】日前，为响应国家号召，倡导低碳生活，营造文明和谐的社会环境，@西安交通大学 崇实书院发布垃圾分类微电影《崇实·重拾》，积极推进垃圾分类工作，倡议师生行动起来，积极自觉做好垃圾分类工作，做改善环境的先行者、保护环境 ...全文,1,1,0
#垃圾分类# 集合表，码了,1,0,0
"#保护环境##垃圾分类##暑假三下乡##三下乡,大学生志愿者在行动#镜头里的三下乡超话镜头里的三下乡超话 “携儿童保护环境·为绿化添砖加瓦”活动在昨天社区居民、儿童的积极参与下，迎来了今天的后续。信息技术分院暑期“三下乡”全体队员和小朋友们一起将变身后的轮胎种上绿植并摆放在社区 ...全文",0,1,1
我，在苏州#垃圾分类# 价格可以谈,0,0,0
【沈阳垃圾分类获得积分 可在超市消费兑换日用品】垃圾分类的工作已经陆续在沈阳各大小区开展起来，沈河区山东庙街道三八南社区，居民垃圾分类就能获得积分，可在超市消费兑换日用品，这种做法赢得了居民的认可。对于#垃圾分类# ，你还有什么宣传方法吗？欢迎留言告诉北国君哦！沈阳垃圾分类获得积分可在超市消费兑换日用品,0,1,0
搜狗输入法最新功能——垃圾分类，只需要用输入法打出问题，比如：西瓜皮是什么垃圾，就可以直接显示结果！与时俱进，快准狠！搜狗这波厉害了！#垃圾分类#,3,0,0
这手游广告值得推广……#垃圾分类# 济南,0,0,0
有个问题，既然都是垃圾分类，每个地域的分法还不一样？#垃圾分类#,0,0,0
#垃圾分类 从我做起# 7月9日，中铁二十四局集团南昌公司联合南昌铁路公安处南昌车站派出所在南昌火车站候车室开展“垃圾分类 从我做起”宣传活动。志愿者通过唱跳“垃圾分类歌”、做小游戏、分发宣传单等形式，向旅客宣传垃圾分类知识。（江西日报记者赵庆）网页链接,3,0,1
#垃圾分类# 垃圾男人分类转自网络,0,0,0
#垃圾分类# 请问我到底是个什么垃圾,0,1,0
#上海垃圾分类纳入学业水平考试# 罚多少说吧十八线小城市济宁哪能混的上垃圾分类啊前两天考语文，作文是宜宾地震，亏我发了几条微博还是不会写今天的垃圾分了我吃了9天的瓜然后还是不会写我都辜负我刷微博的流量 ...全文,1,3,1
泰国公益广告：人类，你为什不吃塑料袋？#垃圾分类# 阅读手册的微博视频,86,5,43
#垃圾分类# 绿色环保小熊猫，随身带四个桶哦！#ever手绘##插画#,18,10,1
菲律宾甘米银（下）在这里有100万株珊瑚它们养育了全球近三分之一的海洋生物跟我一起行动起来 保护海洋吧😘@微博故事 @新浪旅游 #旅游嘉年华# #垃圾分类# 微博视频,18,1,1
垃圾分类地理篇你是什么垃圾？？？#期末考试##垃圾分类##上海垃圾分类# 济宁·汶上一中,0,0,0
#垃圾分类# 想说对自己好点吧，炖点骨头汤喝，还要想想这个骨头是大骨头还是小骨头，是干垃圾还是湿垃圾 上海,0,0,0
自7月1日开始实施的#垃圾分类# ，已经过去了10天了。大家对四种垃圾的分类已经都深谙于心了吧。但是你们知道，“做好垃圾分类，还有助于循环经济吗？”♻️,0,0,0
垃圾都分类了，那你是什么垃圾#垃圾分类#,0,0,0
#垃圾分类挑战##垃圾分类#真人版哈哈哈,0,0,0
【垃圾分类方式混乱】#微行大爱##健康内蒙古##垃圾分类#现在以上海为代表的地方，按“可回收物”、“干垃圾”、“湿垃圾”和“有毒有害垃圾”分类。之前很多地方是按照“可回收垃圾”、“不可回收垃圾”、“厨余垃圾”、“有害垃圾”、“其他垃圾”等来分类的。而“可回收”本不是垃圾，“其他垃圾 ...全文,4,4,0
#垃圾分类#环境关系你我他，垃圾分类靠大家。,0,0,0
北京的#垃圾分类#居然和上海的不一样！ 你是个什么垃圾北京版，2分钟带你了解北京垃圾如何分类。尤其经常折返北京和上海的小伙伴，估计心态要崩了 迦南之约教堂婚礼策划的微博视频,0,0,0
#垃圾分类# 最近超爱椰子水，我想问，椰子壳和椰子肉丢的时候要分开吗,0,2,0
无人机也不是万能的，还是认真做好垃圾分类吧。 #垃圾分类#,0,0,0
我觉得大事不妙，要垃圾分类了#垃圾分类##成都垃圾分类#,0,0,0
武汉：垃圾分类，我们共同行动，让城市变得更加美好#垃圾分类# 整的漂亮的微博视频,0,0,0
#垃圾分类# 听说昆明也要加入垃圾分类了！唔慌的一批！不过为了永远能看到这么美的环境，值得 昆明·滇池卫城 洋芋就死土豆的秒拍视频,0,0,0
关于#垃圾分类# 的那些事！！@北京头条 @天津8890 @央视新闻 @新浪新闻客户端 @搜狐 @腾讯 @网络新闻联播 @财经网 @安居客 @搜房网 @中国经营报 @天津新闻广播909 @河北区发布 @天津发布 @天津同城 @天津广播 @北京青年报 @北京交通广播 @北京新闻广播 @天津生活情报 @天津日报@今晚报 ...全文,0,0,0
#搞笑#理论学会了，吃货们又动手实操了，#垃圾分类#最大的一道难题当属喝啤酒：如何能喝到塞了柠檬的科罗娜？段子手们又来了…… 山东省王子宫殿婚纱摄影的微博视频,0,0,0
#垃圾分类# 有人总在问为什么要推行垃圾分类？也许视频会给你答案… 戳视频 人民日报的秒拍视频 #安全防范小锦囊#,0,0,0
#垃圾分类# 我个好人yes的微博视频,0,0,0
垃圾要分类，资源要利用；学会垃圾分类，呵护我们的环境，与万物共享尊荣。#垃圾分类# #哈尔滨欧亚男科医院# 哈尔滨欧亚男科医院的微博视频,0,0,0
#垃圾分类##格致的设计词典#来自yang design值得借鉴：对用户调研后的洞察呈现服务原型的测试落地的实体产品但考存疑的是如何将现有的这款产品融入到以后的垃圾回收流程中。如如何与垃圾车匹配，如何维护等？,3,1,0
除了做到垃圾分类从我这个单独的小小的个体来说 我可以减少使用塑料制品 但是生产量并没有减少所以 除了这些我还能再做些什么？#垃圾分类##北极熊#,0,2,0
#垃圾分类# 支持垃圾分类，支持保护我们生活的环境。,0,0,0
英国人如何垃圾分类？你又是什么垃圾？竟然和日本、上海扔垃圾差别这么大！你觉得中外哪国家环保更合理呢？#垃圾分类# #蜡笔小新里的垃圾分类# #上海阿姨的战斗力#VLOG[超话]# @微博VLOG 谢怡Abby的微博视频,7,0,0
#轮到你了 垃圾分类宣传片# 哈哈哈哈哈哈哈哈哈这个话题有点可字幕组也太可爱了8这个翻译的最后一行字有点皮哈哈哈#垃圾分类#看到这行字都不害怕了（假的）,4,0,0
咖啡纸杯算不算可回收物？咖啡杯盖到底是什么垃圾？>> 答案在这里 👉👉 咖啡纸杯究竟算不算可回收物？#垃圾分类# 北京·Mplus Coffice,0,0,0
2020是动力，同时也会带来急功近利。刚刚批判完二倍速，真实的魔幻大剧垃圾分类就匆匆拉开帷幕了。于是我们看到的，是不健全的基础设施，是不完善不够符合生活实际需要的回收体系，是大量罚款背后的窘态。承诺是好事，但是，这种事情还是渐进一点好。谁会在意垃圾分类到底是小康社会还是全面小康社会 ...全文,0,0,0
#保定##垃圾分类#一张图告诉你北京的垃圾是如何分类的？这个简单易懂！转存～,0,0,0
高新那些事儿超话成都高新区仁和春天的地下垃圾处理中心，安装了专门用于处理餐厨垃圾的垃圾回收设备。10分钟左右即可将餐厨垃圾自动分解。一吨餐厨垃圾经处理后废料仅150千克，前段减量率高达85%。#垃圾分类#,3,74,76
欧哟 这个有点帅了垃圾通要是长这样就好了#垃圾分类# 宁波,1,0,0
柯基超话#宝宝的少女心##垃圾分类# 垃圾分类人人有责～,2,2,0
#垃圾分类挑战##垃圾分类# 假如投错一次垃圾罚款200元，那么将10000元投标到真融宝90天，投几次就能挽回罚款损失？好high哦越投我宝钱越多,4,0,0
据说北京马上也要推出#垃圾分类# 了，赶紧给大家科普一下：【咖啡是什么垃圾】滤纸是干垃圾；咖啡豆包装是干垃圾；咖啡里面的液体等是湿垃圾；外带杯是干垃圾，咖啡杯盖…（咱们稍候细说）；牛奶盒是可回收垃圾…当然疑问最多的还是咖啡渣，咖啡渣属于什么垃圾？答案是：湿垃圾！...全文,1,0,0
太难了，嘤嘤嘤。垃圾分类超话#垃圾分类##垃圾分类挑战##来了来了垃圾来了##你是什么垃圾#,1,2,0
#澎湃 垃圾分类# 为什么中国这么急着垃圾分类？ 网页链接,0,0,0
#秒懂垃圾分类#打碎的玻璃杯你会投到哪个垃圾桶？ 英文王子_张介英的微博投票,1,1,0
#秒懂垃圾分类#旧纸箱你会投到哪个垃圾桶？ 英文王子_张介英的微博投票,1,1,0
#垃圾分类#干垃圾和湿垃圾 分的对吗,0,0,0
#男生女生向前冲# 现场挑战#垃圾分类# 过程不重要！重要的是，你们都知道怎么分类了吧？！ 男生女生向前冲的微博视频,13,4,6
垃圾分类很重要，@昆明同城 @Your聪哥 #垃圾分类##昆明垃圾分类#,1,1,0
垃圾分类给我造成了非常大的心理压力。以前吃完饭，已经做好心理准备，承受阿姨灵魂拷问：今天你是什么垃圾？今天我吃完饭，远远的，阿姨喊了起来：来了来了！垃圾来了#垃圾分类#,2,0,0
恶作剧之吻2里面的垃圾分类哈哈哈#江直树的垃圾分类##垃圾分类#,1,0,0
#德阳身边事# 垃圾究竟该怎么分类？今天上午11点FM102.3将邀请专业人士现场为你讲解！详情请点击：垃圾究竟该怎么分类？今天上午11点FM102.3将邀请专业人士现场为你讲解！ #垃圾分类#,0,0,1
#垃圾分类#,0,0,0
#垃圾分类# 加油鸭！冲！为了美好环境,0,0,0
#垃圾分类# 【垃圾分类的战争已经迫在眉睫，我们没有那么多的时间适应】中国不能再等了！垃圾分类，势在必行。中国是世界第一垃圾制造大国，目前全国生活垃圾年产量为4亿吨左右，并以大约每年8%的速度递增。垃圾回收利用低，堆积如山，更危害地球生物，最终害了自己。其实这些垃圾并没有消失，它们会以 ...全文,59,2,1
#垃圾分类# 对于垃圾分类的事情，@苏宁易购 苏宁易购恐怕还有一些话语权，是什么呢？,0,2,0
#垃圾分类#关于垃圾分类的一些小知识，环保从身边做起！,11,1,19
轮到你了反击篇第二集 字幕组太调皮了（最后一行… #垃圾分类#,5,1,0
#垃圾分类# 《触目惊心！我们为什么要垃圾分类！》 触目惊心！我们为什么要垃圾分类！,0,1,0
#垃圾分类# 垃圾分类刻不容缓，想知道更多小秘密，就要上苏宁易购,0,0,0
#垃圾分类#,0,0,0
环保你我共行[加油]@京环之声 @北京市环保局总量处 @北京首席环保行政打假人 @北京环保 @香蕉皮环保科技北京有限公司 @北京东城环保 北京地铁环保手绘大赛超话为北京环保卫士点赞超话#垃圾分类##插画#为北京环保卫士点赞超话,0,1,0
#垃圾分类# 【城市生活垃圾处理那点儿事儿】近日，“垃圾分类处理”霸屏各大新闻头条，相关字眼占据热搜榜单第一。4月16日，西安市政府第86次常务会议审议通过《西安市生活垃圾分类管理办法》，将于今年9月1日起施行——垃圾分类有规可依，这意味着我市“全民分类时代”即将到来。（西安日报）详细情况 ...全文,0,0,0
除了#垃圾分类# ，还有更深层的灵魂【七问】...你的灵魂受到深深的拷问了吗？1.配钥匙师傅：你配吗？2.算命先生：你算什么东西？3.食堂阿姨：你要饭吗？4.快递小哥：你什么东西？5. 滴滴司机：你搞清楚自己的定位没有？6.上海垃圾分拣阿姨：你是什么垃圾？7.矫正医生：你（的牙）什么毛病？（ ...全文,0,0,0
太可怕了！看了这个，你还嫌垃圾分类麻烦吗？#垃圾分类 # 捍卫者的微博视频,4,0,2
#垃圾分类# 【为什么中国这么急着垃圾分类？】,1,1,1
#垃圾分类# 【南海街坊因乱扔垃圾，被居委会罚款300元】南海的何先生因将卖水果剩下的龙眼枝叶倒在某垃圾池内，而被居委会抓住罚款3000元，还要写检讨。原因竟是龙眼枝叶属于禁止在该垃圾池倾倒的工业垃圾中的食品垃圾，而何先生却误认为不属于禁止倾倒的垃圾类型。居委会就表示，目 ...全文,0,0,0
晚上做梦梦见垃圾分类分错了，去丢垃圾时候被老阿姨抓住，用注射器扎我，作为惩罚......一大早被活活吓醒。求垃圾分类这一个多月来给我造成的心理阴影面积#垃圾分类挑战##垃圾分类#,8,1,0
发布了头条文章：《环卫工|职场环卫工也是个人物》 #垃圾分类# #环卫工# @头条文章 环卫工|职场环卫工也是个人物,1,0,0
#垃圾分类##瓶盖挑战#特异功能打卡，@William威廉陈伟霆 向陈等等同学发起挑战，不服来战啊 我是小叶跑儿的微博视频,3,0,0
#垃圾分类#师傅果然是师傅，悟空始终是弟弟 深圳·华强商业圈 魏宇同学的微博视频,2,2,0
【这篇文章告诉你，#为什么中国急着垃圾分类#】中国是垃圾生产大国，目前全国生活垃圾年产量为4亿吨左右，并以约每年8%的速度递增。多年来我们因垃圾处理不善，付出了沉重的环境、健康代价，影响着人类、其他生物甚至整个地球的未来。谁也不能拯救我们的家园，除了我们自己。#垃圾分类# ...全文,0,0,0
#垃圾分类# 【国外的垃圾分类 ：瑞典垃圾回收率99%，居民按垃圾重量交处理费】瑞典是一个垃圾分类十分严苛细致的国家，垃圾回收率达99%，只有不到1%的垃圾被填埋。将近一半的垃圾被用来焚烧发电供居民取暖、用电。瑞典居民每年都要交垃圾处理费，垃圾越少，费用越低。梨视频文化的秒拍视频,0,0,0
最全 #垃圾分类# 表,0,0,0
#垃圾分类##拒绝塑料星球#你的小改变，就是新时尚,0,0,0
#垃圾分类# 如果按照这样，我称不上垃圾 艾玛我趣的微博视频,0,0,0
#长治身边事# #上党区# 【#垃圾分类# | 上党区餐厨垃圾处理“一条龙”不断线】为让我区的餐厨垃圾得到有效统一收运和集中处置，也便于有效解决“地沟油”“泔水猪”等食品安全问题，让餐厨垃圾的流通得到全方位的监管，今年5月，我区餐厨废弃物处理项目开始投入运行。目前，主城区部分大中型餐饮酒店、 ...全文,0,0,0
垃圾分类逼疯上海人，别笑！迟早轮到你！#垃圾分类# #我才不是没用的垃圾# 垃圾分类逼疯上海人，别笑！迟早轮到你！,0,0,0
#垃圾分类# 【瑞典垃圾回收率99%，甚至出现垃圾不够用的状况】瑞典是个垃圾分类十分严苛的国家，垃圾回收率达99%，只有不到1%的垃圾被填埋。在可回收垃圾中，将近一半被用来焚烧发电供居民取暖、用电，甚至出现垃圾不够用、需从别国进口的状况，也因此诞生一桩每年收入上亿美元的生意。（via：梨视频文 ...全文,1,1,1
#垃圾分类# 这个蜡笔小新的动画片是上世纪90年代的日本，我们需要走的路还很长～加油💪小蜜蜂八仔超话 @超话社区 @小蜜蜂TheHive,0,0,0
垃圾分类，我们责无旁贷！#垃圾分类#,0,0,0
#垃圾分类# 【城市生活垃圾处理那点儿事儿】近日，“垃圾分类处理”霸屏各大新闻头条，相关字眼占据热搜榜单第一。4月16日，西安市政府第86次常务会议审议通过《西安市生活垃圾分类管理办法》，将于今年9月1日起施行——垃圾分类有规可依，这意味着我市“全民分类时代”即将到来。（西安日报）详细情况 ...全文,0,0,0
#垃圾分类#又添新标准#上海阿姨的战斗力#,0,0,0
@杨洋#垃圾分类# 你会了吗,0,0,0
黑龙江省有序推进垃圾分类#垃圾分类#哈尔滨市、齐齐哈尔市、大庆市、牡丹江市先试先行，重点围绕生活垃圾分类制定工作方案、成立领导小组、完善制度标准、宣传教育引导、示范片区建设等工作集中发力，截至目前，累计在200余家公共机构、120余个街道（社区）、400余个小区启动了生活垃圾分类示范片区 ...全文,0,0,0
【坐飞机垃圾如何分类？万万没想到这些安徽人已率先参与】 从7月1日上海开始已经进行垃圾分类后，合肥、铜陵也将在2020年底前成为垃圾分类试点城市。干垃圾、湿垃圾怎么分类，这样的讨论在安徽人当中，产生不小的话题度。#垃圾分类# 坐飞机垃圾如何分类？万万没想到这些安徽人已率先参与,0,0,0
#垃圾分类#当垃圾遇上时尚～,0,0,0
杨洋超话#杨洋叶修##杨洋 垃圾分类# 早安今日份打榜求踢互踢请注明,1,9,0
#垃圾分类# 【外冈镇垃圾分类“小小监督员”正式上岗服务】外冈镇新苑社区结合暑期活动招募了一批垃圾分类“小小监督员”，近日，10名“小小监督员”正式上岗啦！成为了社区推进垃圾分类工作的“管理员”。网页链接 @中国文明网 @上海文明网 @上海嘉定,2,1,1
#垃圾分类##垃圾分类挑战#垃圾分类问题，可谓是全世界共同面临的难题，德国、日本等多个国家，早已实施严格的垃圾分类政策，并配以毫不留情的惩戒措施。那么，各国人民是如何接受这项“灵魂拷问”的呢?,0,0,0
混血李澳利超话#垃圾分类# 垃圾分类 人人有责！拍摄期间妈妈告诉宝贝@李澳利oliver 💬什么垃圾放进什么垃圾桶！不要乱丢垃圾必须给妈妈👩点赞👍,1,0,0
#垃圾分类#支持各大城市垃圾分类，mmV产品内外包装盒属于哪一类？︎ 中国各大城市即将实行垃圾分类，这是一项很有意义的事情，能有效节约原生资源，改善环境质量，引领绿色生活。︎ mmV胶原蛋白肽，贯彻健康自然、绿色环保的理念。无论是大盒包装、小盒包装、纯铝膜包装均为可回收材质。,0,0,0
"#垃圾分类#【潍坊部分小区已推行生活垃圾分类】潍城区清平花园,是较早安装智能垃圾分类回收箱的小区。智能垃圾回收箱有金属类、废纸类、塑料类、织物类四大类可回收物品投放口,还设置了过期药品、旧电池小电器、玻璃类三类小投放口。居民办理环保卡后,往智能垃圾分类回收箱里投放垃圾,垃圾的重量会兑换 ...全文",3,0,1
#垃圾分类#,0,0,0
首先我不反对垃圾分类，也觉得是好事。但是这种没有时间表 ，和激进的样，让人反胃我就等着赶鸭子上架的笑话分类垃圾桶放了十来年没人管过，今年吹着号角来推动而且是一步到位。#垃圾分类#再补充一句给那些装逼婊看的，分类垃圾桶放了这么多年，你分类过几次 ...全文,2,0,0
转给有需要的朋友们，毕竟现在很多人被#垃圾分类# 搞怕了,0,0,0
#垃圾分类# 公交车上的垃圾分类公交车上终于有我的座位了,1,0,0
生产厂家和包装厂商在商品包装上印上这属于什么类型的垃圾不就行了，弄什么app啊。比如一个红酒礼盒，不管在哪里标注都行，包装箱属于什么类型垃圾，瓶子属于什么类型垃圾，软木塞属于什么类型垃圾。法律强制一下，让老百姓省点心吧。还有，综合性垃圾设专人负责拆解分类。#垃圾分类#,1,0,0
#垃圾分类# 没吃完的粉是什么垃圾？,0,2,0
我发表了头条文章:《#垃圾分类#》 #垃圾分类#,1,0,0
#垃圾分类# 中国是垃圾生产大国，目前全国生活垃圾年产量为4亿吨左右，并以约每年8%的速度递增。多年来我们因垃圾处理不善，付出了沉重的环境、健康代价，影响着人类、其他生物甚至整个地球的未来[加油]谁也不能拯救我们的家园，除了我们自己。可回收物是指适宜回收和可循环再利用的废弃物 ...全文,1,0,0
#垃圾分类#先不说垃圾分类多么势在必行你戒掉了随手乱扔垃圾这种臭不要脸的毫无公德心的不文明行为了吗？！你觉得厄尔尼诺和你无关吗？温室效应和你无关吗？也许每一场龙卷风都和你有关！大自然不可欺，有仇必报。。。不乱丢垃圾表面是一种行为，实则是一种民族信仰，是民族精神！！！人类会为自 ...全文,0,0,0
#垃圾分类#可乐瓶是可回收垃圾我知道，纸巾无论多干多湿它都属于干垃圾，可是药片包装是属于有害垃圾吗？还有用完的笔壳和笔芯是属于其他垃圾吗？🙃️,0,0,0
#这里有英语翻译手帐#经济学人超话泛读来了来了，昨晚以雪人新刊这篇围绕#垃圾分类# 的热点文为例，和7月共学群小伙伴从词句篇三个层面聊了下🔍读外刊读什么怎么读，下一次直播继续约起来🍊这篇泛读标注了基本的语言点，顺带上文章的逻辑梳理，眼尖的你可以挖掘出很多宝藏😎📌每 ...全文,6,4,2
上海的七月出行装备#垃圾分类#,0,0,0
#垃圾分类#【牙膏皮属于什么垃圾？】【垃圾分类】牙膏皮属于什么垃圾？,0,0,0
【#瑞典垃圾回收率99%#，甚至出现垃圾不够用的状况】瑞典是一个#垃圾分类# 十分严苛细致的国家，垃圾回收率达99%，只有不到1%的垃圾被填埋。在可回收垃圾中，将近一半被用来焚烧发电供居民取暖、用电，甚至出现垃圾不够用、需从别国进口的状况，也因此诞生一桩每年收入上亿美元的生意。 ...全文,2,0,0
#垃圾分类# 笑死了……联通发微博，本来想调侃垃圾分类，结果评论……,1,0,0
#垃圾分类# #小冷哥心语#垃圾要干湿分类饮品要冷热分区【海尔四季冷热柜SC/SR-409】智能变温一体系统 冷热饮品分区存储,0,0,0
#韵草堂的抓马日常##垃圾分类#眼前的“干”不是“干”，你说的“湿”是什么“湿”，今天有被阿姨问“你是什么垃圾“吗？,3,3,1
@王尼玛 得知武汉成为 #垃圾分类# 城市第一梯队的我们瑟瑟发抖~提高国民素质，我们刻不容缓。 武汉天之逸的微博视频,0,0,0
北京垃圾分类什么时候开始#北京公交##垃圾分类# 圣恩呀呀呀的微博视频,0,0,0
#垃圾分类就是新时尚# 【上海滩#垃圾分类# 歌《给我一个桶》上线，分类不用愁！】上海女孩琳大侠改编环保神曲《给我一个桶》，用一首歌解决大噶都脑壳疼的垃圾分类问题~还特邀有腔调的爷叔们：上海利兹老克勒乐队和舞蹈队、合唱团的阿姨妈妈们共同演绎了这首老上海风情音乐，并融入了浓浓的特色海派文 ...全文,1,0,0
#垃圾分类#1.垃圾分类靠自觉，用法系丝强制手段 只能造成社会混乱 暴力。2.过去几十年大家都是自觉垃圾分类的.纸 玻璃 金属 衣物..能卖钱的废品都自动拿去卖钱，现在没人回收废品.才是不分类的原因。3.最好是用钱 收买废品的方法来分类，用暴力只会带来暴力..天天会因此打死人。4.建议每个垃圾桶跟前站 ...全文,1,0,0
#垃圾分类# 垃圾分类，你好！ 微观新乡的微博视频,3,0,0
#垃圾分类#餐饮店要被垃圾分类逼疯，繁琐的分类程序最终会由消费者买单，涨价,0,0,0
#垃圾分类# 从家里带出来的湿垃圾直接带到办公室仍8⃣️,1,0,0
#垃圾分类# 早上8：15，我说我得赶紧出门要迟到了，蒋同学在厨房端个锅，嘴里嘟囔着“垃圾干湿分离”， 武汉,0,2,0
#垃圾分类# 火车上会搞垃圾分类吗？你是什么垃圾哈哈哈,0,0,0
#垃圾分类# 所以我应该先把小米渣渣倒到湿垃圾，再把瓶子丢到干垃圾里面,0,0,0
#垃圾分类# 分享：虽然湿纸巾是干垃圾，但是纸制吸管是湿垃圾哦,0,1,0
[爱心]morning[爱心]垃圾分类~从我做起！#垃圾分类#,0,0,0
#垃圾分类# 滤芯垃圾分类不用愁，请记住我是可回收垃圾,2,0,0
#垃圾分类#我今年刚好上完大二大一的时候，校园里很多垃圾分类的横幅我觉得有点可悲，我根本不知道怎么分而且学校的分类垃圾桶，也没那么正规我那时候就在想，怎么办呢？这可怎么办今年上海垃圾分类上热搜的时候你懂我的感受吗？就是感动，热泪盈眶垃圾分类快普及吧🙏赶紧普及全国吧！,1,0,0
有没有对着机器报出垃圾名字，机器会指示属于哪种垃圾的垃圾桶hhhhhh#垃圾分类#,0,0,0
#垃圾分类# 你是什么垃圾,0,0,0
古人如何 #垃圾分类# ？#春诵园# 带你看看古人的垃圾分类办法～网页链接,0,0,0
#垃圾分类#我想尽快投入垃圾分类的怀抱把手机屏幕设置为垃圾分类图点点滴滴为环境保护贡献一份力量哦垃圾分类的梗也太搞笑了,0,0,0
我要被笑死了#垃圾分类#,0,0,0
#垃圾分类# 最新的时尚——垃圾分类,0,0,0
垃圾分类超话#垃圾分类# 学会垃圾分类，对保护环境出一份力！,0,1,0
#垃圾分类# 一大早上要丢四类垃圾……拎不清，香蕉皮掉了，我就嘤嘤嘤了，大叔：“别哭了啦，我帮你倒不就好了呀” 上海,1,0,0
#垃圾分类# 思考，雨后，马路边尽是🐶 💩 ，加上最近疯狗咬人事件太多，垃圾分类是否是当前不得不行的事，如果是十年前，民风淳朴能否好好的落实，下次让你交五毛你方不方。想起了大学军训时光，走不好正步就gameover了。 深圳,0,1,0
#杭州##垃圾分类##环保#有些东西坏了变质了，不等同于就真的是没有价值了，有个花瓶空着也是空着，拨了点泥土，就把它丢进去了，然后就惊喜了…,0,0,0
垃圾分类，从我做起#呼和浩特##垃圾分类# 呼和浩特,0,0,0
#垃圾分类# 日本的垃圾分类 日本·川崎市,0,0,0
#垃圾分类# #垃圾分类挑战# 手机属于可回收物，也就是小型的电子产品，可以作为可回收物处理，而中大型的电子产品，就要作为电子废弃物进行投放，比如电视。,1,0,0
#垃圾分类# #垃圾分类挑战#处理日常宣传的四种垃圾之外，还有三种垃圾，他们是大件垃圾，装修垃圾和电子废弃物。这些就不是直接往四个垃圾桶投放了，有特殊的投放方式，下面看图。,0,0,0
#垃圾分类# #垃圾分类挑战#并不是所有的纸都属于可回收垃圾；可以理解为，能够再次利用或者可循环利用的纸是可回收垃圾，其他的纸都是干垃圾。比如餐巾纸、卫生间用纸、污损纸张（写字的不算）这些都属于干垃圾。,0,0,0
#垃圾分类# 哈哈哈哈哈哈,0,0,0
这又是什么垃圾#这又是什么垃圾##垃圾分类#,0,0,0
#垃圾分类# 都在问“你是什么垃圾” 我想问垃圾袋属于什么垃圾～因为不同的垃圾，分别都用了一种垃圾袋 苏州,1,0,0
#垃圾分类#我感觉吧，这段时间观察下来，有些人连垃圾要丢在垃圾桶的意识都没有。垃圾不分类要罚款，垃圾乱丢怎么罚？有条款表示罚得更重更多吗？拿个苹果在路上吃，但是街上鲜有湿垃圾桶，吃完放自己袋里，带回家丢，但不如趁没人丢路边花坛花园。（真实情况，还包括香烟屁股）现在老老实实丢垃圾的人 ...全文,0,0,0
当你觉得垃圾分类很麻烦的时候，就看看这些照片吧...#垃圾分类#,3,1,2
#垃圾分类#继上海等地的垃圾分类施行后，山东年内启动垃圾分类 第二镜头的微博视频,0,0,1
【跟读】15秒内教你不同垃圾分类的正确发音：1）dry waste 干垃圾；2）wet waste 湿垃圾；3）kitchen waste 厨余；4）recyclable waste 可回收垃圾；与5）hazardous waste 有害垃圾。英文王子超话 #垃圾分类#,2,0,0
"15秒内教你：1）垃圾分类，garbage sorting 或 waste sorting；与2）Please sort your garbage into dry waste, wet waste, kitchen waste, recyclable waste and hazardous waste. 请把你的垃圾分成干垃圾、湿垃圾、厨余、可回收垃圾与有害垃圾。英文王子超话 #垃圾分类#",3,0,0
#垃圾分类# 感觉以后可以戒掉奶茶了。 奇葩酱的秒拍视频,4,0,3
#秒懂垃圾分类#打碎的玻璃杯你会投到哪个垃圾桶？#垃圾分类##英文王子#@英文王子_张介英 英文王子_张介英的微博投票,161,2,1
#垃圾分类# 做到产业链中没有污染才是真正的健康产业。,0,0,0
有没有可能在生产商那里就备注垃圾类别说明？？？#垃圾分类#,0,0,0
#垃圾分类# 未来没准有一个职业 垃圾分类员 上门帮你分完类然后扔掉 如果有的话我可以,2,0,0
支持垃圾分类#垃圾分类#,0,0,0
#垃圾分类#时隔一年，又要回东方明珠来体验一波一直活在微博里的垃圾分类 烟台·烟台蓬莱国际机场,3,2,0
你可以美不过林志玲，但你不能美不过上海的保洁阿姨#垃圾分类# 笑到拔胸毛的微博视频,24,7,5
【跟读】15秒内教你不同垃圾分类的正确发音：1）dry waste 干垃圾；2）wet waste 湿垃圾；3）kitchen waste 厨余；4）recyclable waste 可回收垃圾；与5）hazardous waste 有害垃圾。英文王子超话 #垃圾分类#,1,0,0
"15秒内教你：1）垃圾分类，garbage sorting 或 waste sorting；与2）Please sort your garbage into dry waste, wet waste, kitchen waste, recyclable waste and hazardous waste. 请把你的垃圾分成干垃圾、湿垃圾、厨余、可回收垃圾与有害垃圾。英文王子超话 #垃圾分类#",0,0,0
#早起打卡##微博钱包##上海阿姨的战斗力# 早安，志愿者！每天在微博早起打卡没有什么了不起，每天早晚坚持站在垃圾分类第一线、斑马线挥小旗子、地铁疏散人流的上海阿姨爷叔志愿者们才是最厉害的。#垃圾分类# 连续完成早起打卡第330天,9,0,0
垃圾分类的重要性#垃圾分类#,0,0,0
合肥的垃圾分为为四大类：可回收物、有害垃圾、餐厨垃圾和其他垃圾#垃圾分类# 郑州,0,0,0
#垃圾分类# //@末末末末末_n:蜡笔小新是日本上世纪90年代的动画片，仔细想想，我们的路还很长，加油,0,0,0
你有没有见过这样的场景？#垃圾分类# 辛辛苦苦的把垃圾分类之后，垃圾车却把所有的垃圾一股脑全都倒在一个垃圾箱里，拉走回收。那么我们之前辛辛苦苦的分类还有用吗？广东省住建厅副厅长这么说…… 广州·南洲名苑 主播陈凯的秒拍视频,4,0,0
研发一个智能垃圾分类就好了，放上去就知道属于什么垃圾，自动归类，这样就不会为到底属于什么垃圾而发愁了……既能减少乱丢垃圾，又能使垃圾得到有效的处理。 #垃圾分类#,0,0,0
@你好我就快要飞了 为什么我没看过这一集？？垃圾分类！从新酱做起#蜡笔小新# #垃圾分类#,1,1,0
#垃圾分类#既然要实行分类，某些物品其实可以要求厂家在包装印刷上注明一下该产品废弃后是属于什么垃圾，给点明确指示有助归类，不同类别的垃圾箱用不同的数字代号，印刷标注一目了然。当然，不是每个产品都会有外包装，只是希望扔垃圾能有更多指引。今天听了一些垃圾归类的奇葩考题，什么什么属于干垃 ...全文,0,0,0
发布了头条文章：《“你是什么垃圾？”最近这个让中国人头疼的问题，日本花了40年也没搞》 #上海垃圾分类# #垃圾分类# #垃圾分类就是新时尚# “你是什么垃圾？”最近这个让中国人头疼的问题，日本花了40年也没搞,1,0,0
#上海##垃圾分类#上海垃圾分类超话心疼去上海出差的你哦千万别把奶茶杯揣回来哈哈哈哈哈,0,1,0
#垃圾分类#嗬，最靓的仔哈哈哈哈哈,2,0,0
#奔跑吧兄弟##垃圾分类# 今天看了一期节目非常有意义是真的，记得以前看动画看电影的时候一直有男女主被丢到垃圾堆（山）上的场景，当时就很震撼垃圾能多至如此，之前一直想知道我们的垃圾都去了哪里，但个人能力非常有限，了解不到整个垃圾处理链上问题，节目组有心。要尽努力开起自己的废品回收站啦 ...全文,1,1,1
灵魂的六大拷问～你能坚持到第几句？？#灵魂拷问##垃圾分类#,0,0,0
#垃圾分类# show一个我们村的分类垃圾桶，图一里的几个分别是白色玻璃瓶、棕色玻璃瓶、其他彩色玻璃瓶、PET瓶*2、易拉罐、电池、(干净的)纸*2；图二应该拍清楚了看图说话就成。墙上的涂鸦大概是阿姨的灵魂在问：你是什么垃圾？,2,0,1
#垃圾分类#垃圾分类超话#垃圾分类挑战# 很想知道，用过的套套属于什么垃圾？湿垃圾，有害垃圾，还是干垃圾？？？,2,2,0
#垃圾分类#就很好奇了，分类好的垃圾怎么运走的?还不同车装一种垃圾啊？之前看视频不也是全倒一辆车一起拉走了，这有啥意义噢?,2,0,1
#蜡笔小新里的垃圾分类# 是#垃圾分类#的时代了！丢了好几次都丢不掉，“你到底是什么垃圾？！”蜡笔小新🖍️：没想到过去那么多年，竟然被挖出来了（via人人酷燃）人人视频的酷燃视频,11,2,12
【瑞典的垃圾精细分类回收】瑞典是一个垃圾分类十分严苛细致的国家，垃圾回收率达99%，只有不到1%的垃圾被填埋。在可回收垃圾中，将近一半被用来焚烧发电供居民取暖、用电，甚至出现垃圾不够用、需从别国进口的状况……#瑞典垃圾不够用# #瑞典垃圾回收率99%# #垃圾分类#2018原来如此的微博视频,0,0,2
#垃圾分类#纸巾再湿还是干垃圾，瓜子壳再干还是湿垃圾，是干是湿，让猪试吃，一吃便知。来上海还得先学垃圾分类，我决定…实在不行就带回家再扔[捂脸] 上海,2,0,0
你是什么垃圾#垃圾分类#,0,0,0
#北汽孔凡忠# #垃圾分类# 不同领域的“优秀党员”总是有相似的“品质”,12,1,1
#垃圾分类# 没做之前都非常膜拜别人做垃圾分类的是文明之邦。现在开始做了就知道有多难了。当然我觉得垃圾是要分类的，但是我们中国的居民素质还没达到那么精细化的水平。我想各地没有统一标准的原因，也是要各地试验一段时间，最终把做得好的经验案例进行推广。,0,0,0
#上海阿姨的战斗力##垃圾分类# 垃圾分类辛苦了哈哈哈哈哈哈，一想到九月一号我们这就开始了我的笑就戛然而止,6,1,0
#垃圾分类# 如果不知道怎么分类，只要问语音助手就会得到答案。对于年纪大点，对这方面比较不了解的人，这种方法会比较方便。,0,0,0
【跟读】15秒内教你不同垃圾分类的正确发音：1）dry waste 干垃圾；2）wet waste 湿垃圾；3）kitchen waste 厨余；4）recyclable waste 可回收垃圾；与5）hazardous waste 有害垃圾。英文王子超话 #垃圾分类#,1,0,0
【跟读】15秒内教你不同垃圾分类的正确发音：1）dry waste 干垃圾；2）wet waste 湿垃圾；3）kitchen waste 厨余；4）recyclable waste 可回收垃圾；与5）hazardous waste 有害垃圾。英文王子超话 #垃圾分类#,2,0,1
"15秒内教你：1）垃圾分类，garbage sorting 或 waste sorting；与2）Please sort your garbage into dry waste, wet waste, kitchen waste, recyclable waste and hazardous waste. 请把你的垃圾分成干垃圾、湿垃圾、厨余、可回收垃圾与有害垃圾。英文王子超话 #垃圾分类#",2,0,1
出门贡献#垃圾分类#她一直跟着我，保持一定距离雨那么大，就把她抱回家了给她洗澡，好乖，站起来让我给她洗你有家了现在 上海·锦华茗园,1,0,0
#垃圾分类# 北京·窑洼湖 韩熙alina的微博视频,3,1,0
还记得今年春节回国的时候因为我哥的新女朋友是全职志愿者(?)她说她们机构收到的捐款里面会有很大一部分用来做垃圾分类就聊起了这个话题当时我就说这种办法治标不治本现行的垃圾分类根本约等于不分类没有任何实质性意义要分类就得学日本那样 分的很仔细甚至给他看了好几个日本垃圾分 ...全文,1,2,0
#垃圾分类# 你是什么垃圾？,0,1,0
垃圾分类 哈哈哈#垃圾分类# 宁德,0,1,0
现在垃圾分类还真的是如洪水猛兽般进入我的生活#垃圾分类#,0,0,0
#垃圾分类# 靠大家 发现一个别致的垃圾桶。 尤物体验馆的微博视频,6,0,6
#橘子洲被淹##湖南1天内868个乡镇暴雨##萍乡暴雨##上饶暴雨#南方都在下暴雨今年雨水有点多啊#珙县5.4级地震##宜宾地震##四川长宁6.0级地震#多灾多难的让人怕怕的我们还是做好#垃圾分类# 吧爱护我们的地球比都更重要,4,0,0
垃圾分类，从我做起！#垃圾分类#垃圾分类[超话]#,0,3,0
#垃圾分类#垃圾分类，感觉推广了好多城市了，啥时候到昆明@昆宣发布,0,0,0
#垃圾分类# 我们都知道垃圾要分类。人也一样。,0,0,0
#垃圾分类# 日剧轮到你了超话是垃圾分类宣传片认真的？不过木下，上海北京需要你,0,1,0
杨洋超话 #杨洋 垃圾分类# #杨洋叶修#,0,0,0
#垃圾分类# 👏🏼 ZERO404的秒拍视频,3,1,0
我们总以为自己制造的垃圾丢了就没了 事实是一直存在 还会成为杀人的武器，自然界是平衡的！因果关系 所以为了下一代下下代 #垃圾分类# 垃圾分类,0,0,0
哈哈哈#垃圾分类#,0,0,0
#垃圾分类#请问旧家具、家电是什么垃圾？是否需要看几成新？,0,0,0
#垃圾分类# 你今天垃圾分类了吗,0,0,0
#垃圾分类# 真的很想把我dna的精子輸送者給扔了，他是個什麼垃圾,0,0,0
#垃圾分类#爱护环境，关爱动物，从我做起！,1,0,0
#垃圾分类# 势在必行,1,0,0
杨洋超话#垃圾分类# @杨洋 杨洋同款get,0,0,0
#杨洋 垃圾分类# 杨洋超话@杨洋 杨洋,0,0,0
【跟读】15秒内教你不同垃圾分类的正确发音：1）dry waste 干垃圾；2）wet waste 湿垃圾；3）kitchen waste 厨余；4）recyclable waste 可回收垃圾；与5）hazardous waste 有害垃圾。英文王子超话 #垃圾分类#,1,0,2
"15秒内教你：1）垃圾分类，garbage sorting 或 waste sorting；与2）Please sort your garbage into dry waste, wet waste, kitchen waste, recyclable waste and hazardous waste. 请把你的垃圾分成干垃圾、湿垃圾、厨余、可回收垃圾与有害垃圾。英文王子超话 #垃圾分类#",2,0,1
#垃圾分类#功在当代，利在千秋,0,0,0
我想学#垃圾分类#,0,0,0
#垃圾分类##上海的科罗娜塞不塞青柠# 买了一箱科罗娜以后评价看到这个问题，哈哈哈哈哈哈哈哈哈哈哈哈垃圾分类逼死大家⊙∀⊙！,0,0,0
看似是小事，却关乎生命，今天你垃圾分类了吗？#垃圾分类##点亮你的爱# 榆林日报的微博视频,0,0,0
#垃圾分类# 从我做起,0,0,0
#垃圾分类# 为响应国家号召，在成都启动垃圾分类前，7月9日上午，在成都市温江区和盛镇友庆社区，园林科技兴农服务团的志愿者对社区近一百居民进行垃圾分类宣讲并进行垃圾分类比赛🤓🤓居民们特别是小朋友们参与热情极高，刷新居民对垃圾分类的认知。快，我们一起看看现场@四川共青团 ...全文,3,0,1
#垃圾分类# 人可以分为哪几种垃圾？,0,0,0
发布了头条文章：《为什么中国这么急着垃圾分类？》 #上海垃圾分类# #垃圾分类# #上海垃圾分类个人扔错罚款# 为什么中国这么急着垃圾分类？,2,1,0
#垃圾分类# 你是哪一类 青岛,0,1,0
来自武汉人民的问候#垃圾分类#,0,2,1
【跟读】15秒内教你不同垃圾分类的正确发音：1）dry waste 干垃圾；2）wet waste 湿垃圾；3）kitchen waste 厨余；4）recyclable waste 可回收垃圾；与5）hazardous waste 有害垃圾。英文王子超话 #垃圾分类#,0,0,0
"15秒内教你：1）垃圾分类，garbage sorting 或 waste sorting；与2）Please sort your garbage into dry waste, wet waste, kitchen waste, recyclable waste and hazardous waste. 请把你的垃圾分成干垃圾、湿垃圾、厨余、可回收垃圾与有害垃圾。英文王子超话 #垃圾分类#",0,0,0
咳咳 山东人在瑟瑟发抖#垃圾分类# 我准备好了Y(^o^)Y,0,0,0
你懵圈了没#垃圾分类# #上海垃圾分类个人扔错罚款#,1,0,0
#垃圾分类# 希望武汉尽快开始实施垃圾分类,0,0,0
#垃圾分类# 有个💡点子：以后包装盒 ，包装袋 ，塑料盒等等，最好注明这是什么垃圾（分类），这样销量可能会多一些，便民利国 微博视频 #垃圾分类#,0,0,0
-贵阳市内上门代收垃圾分类服务收费标准.2019年7月5日，贵阳市人民政府办公厅发布了关于印发《贵阳市2019生活垃圾分类考核实施细则》的通知。通知明确要求，到2019年底，党政机关、企事业单位、学校强制分类实现全覆盖，全市范围内生活垃圾分类制度覆盖率达到60%以上。#垃圾分类# 网页链接 ...全文,1,0,0
#垃圾分类#不同城市分类方法还不同，说明压根就没有在国家层面形成共识，让经常出差的人怎么办？,0,0,0
#垃圾分类# 请问我是什么辣鸡？,1,4,0
#垃圾分类#,1,0,0
#杨洋 垃圾分类# 洋气,0,0,0
#垃圾分类# 今晚来聊聊垃圾分类之后的感想#上海阿姨的战斗力# 又再次引起大家的注意，不过就算阿姨们再强，也没有人工智能一键识别垃圾那么拉风 马卡龙玩图的微博视频,2,0,0
【跟读】15秒内教你不同垃圾分类的正确发音：1）dry waste 干垃圾；2）wet waste 湿垃圾；3）kitchen waste 厨余；4）recyclable waste 可回收垃圾；与5）hazardous waste 有害垃圾。英文王子超话 #垃圾分类#,3,0,1
"15秒内教你：1）垃圾分类，garbage sorting 或 waste sorting；与2）Please sort your garbage into dry waste, wet waste, kitchen waste, recyclable waste and hazardous waste. 请把你的垃圾分成干垃圾、湿垃圾、厨余、可回收垃圾与有害垃圾。英文王子超话 #垃圾分类#",3,0,0
🐷 能吃的是湿垃圾。。🐷 不能吃的是干垃圾。。。🐷 吃了会死的是有害垃圾。。卖了能换🐷 的是可回收垃圾。。。扔垃圾时想想🐷 。。看到那个陈坤求助垃圾分类的新闻，程先生顺便给全家普及了这个绝技，他最近已经魔怔了。。#垃圾分类##生活的模样# 上海,1,0,0
#垃圾分类#快被逼疯了，下雨天，不能出去扔垃圾,0,1,0
#睡前的不定时唠叨##垃圾分类#垃圾没有像洪水，地震，海啸那样给人类直接畏惧感，所以大多数人抱着“管我什么事，都这样做，又不是我自己，怎么就你们事多”的心态，但真的让你害怕的时候，你还有机会吗？零几年的时候，刚有记忆，每到大会的时候，会有唱戏的台子搭在村里的一个大坑里，那时候觉得 ...全文,0,0,0
#垃圾分类# 为啥我感觉，垃圾分类很浪费塑料袋诶？,0,0,0
#垃圾分类# 快递单真的与时俱进，紧跟热点，点个赞,0,0,0
#垃圾分类# @杨洋 好想要杨洋同款,0,0,0
#垃圾分类# 日本将方法做进动画片,0,0,0
#垃圾分类# 以后再也不怕垃圾分类了！华为手机的语音助手，问啥答啥啥都知道！带着华为手机，再也不怕社区大妈抓！,1,0,0
垃圾分类#垃圾分类# 🚮,0,0,0
听说#垃圾分类#要多方面覆盖，上海的伙伴们举个手 🙋 给我们分享下经验，其他地方的同学也来说说名单上有没有你所在的城市呢#熄灯后说#,29,53,8
#搞笑##垃圾分类# 发现一个商机，代扔垃圾有需要的么？,1,1,0
你是什么垃圾？垃圾分类超话 #垃圾分类#,1,1,0
#垃圾分类#要不出个垃圾分类的动画片吧垃圾分类从娃娃抓起四个垃圾桶是主人公每天处理各种人类关于垃圾的困惑,0,0,0
救救孩子吧我真的被上海的#垃圾分类# 快逼疯了 上海·千汇苑一村,0,0,0
#垃圾分类# 任何资源都是有限的，抱怨归抱怨，但是说都不会否认它的好处,0,0,0
杨洋超话 #杨洋# #杨洋 垃圾分类# 都get√哥哥@杨洋 同款//@杨洋投票组:杨洋超话get同款后票姬就是整条gai第二靓的仔，哥哥是第一@杨洋,1,0,0
来自字幕组的恶意#垃圾分类##轮到你了#,1,0,0
#杨洋 垃圾分类#,0,0,0
#垃圾分类# 我觉得垃圾分类应该从娃娃抓起，还有配套设施必须跟上,0,0,0
【跟读】15秒内教你不同垃圾分类的正确发音：1）dry waste 干垃圾；2）wet waste 湿垃圾；3）kitchen waste 厨余；4）recyclable waste 可回收垃圾；与5）hazardous waste 有害垃圾。英文王子超话 #垃圾分类#,2,0,1
危机感，有种因果循环的感觉！还是爱护环境吧#垃圾分类#,0,0,0
"15秒内教你：1）垃圾分类，garbage sorting 或 waste sorting；与2）Please sort your garbage into dry waste, wet waste, kitchen waste, recyclable waste and hazardous waste. 请把你的垃圾分成干垃圾、湿垃圾、厨余、可回收垃圾与有害垃圾。英文王子超话 #垃圾分类#",1,0,0
#杨洋 垃圾分类# 哈哈这个同款可以有,0,0,0
要#垃圾分类#要#保护环境#要#可持续发展#,0,0,0
垃圾分类，垃圾分类，垃圾分类#垃圾分类# 廊坊,0,0,0
#垃圾分类挑战#请不要把一件应该做好的事情，搞得那么“娱乐”化。这个世界许多事情，九是因为没有明星们的渗透，才有了“成功”的希望！……试想一下：明星们真的能够身先士足的做好#垃圾分类# ？,14,17,3
#杨洋 垃圾分类# 潮流份儿，时尚款,0,0,0
#垃圾分类#大家都是垃圾 为什么要有隔阂 长沙,8,0,0
武汉是也要开始实行垃圾分类了吗#垃圾分类# 武汉·统建·同安家园,1,0,0
#垃圾分类# 清除洋垃圾，白皮黑鬼滚出中国,0,0,0
【跟读】15秒内教你不同垃圾分类的正确发音：1）dry waste 干垃圾；2）wet waste 湿垃圾；3）kitchen waste 厨余；4）recyclable waste 可回收垃圾；与5）hazardous waste 有害垃圾。英文王子超话 #垃圾分类#,1,0,1
"15秒内教你：1）垃圾分类，garbage sorting 或 waste sorting；与2）Please sort your garbage into dry waste, wet waste, kitchen waste, recyclable waste and hazardous waste. 请把你的垃圾分成干垃圾、湿垃圾、厨余、可回收垃圾与有害垃圾。英文王子超话 #垃圾分类#",0,0,0
#垃圾分类#要做好的话，需要很多可以降解的厚纸袋子。因为中国人的厨余垃圾太多了，又都是大油,0,0,0
有一个疑惑，上海的垃圾分类是怎么掀起热潮的#垃圾分类#,0,0,0
夸一夸小区的搭把手 🙌#搭把手回收##垃圾分类#网页链接,2,1,0
#垃圾分类后的上海人# 今天早上在上海，认认真真争分夺秒的就有关#垃圾分类# 这个话题釆访了几个上海的朋友，他们都说：“不要相信网上说的，其实没有那么夸张，垃圾分类并没有对我们的正常生活造成什么混乱的影响，网上都夸大了，其实没什么大不了的！” 我，呃！,9,2,0
论政策执行力度和速度我只服上海 #垃圾分类#,1,0,0
#杨洋 垃圾分类#,0,0,0
洗干净的外卖餐盒到底属于可回收垃圾还是干垃圾？#垃圾分类#,0,0,0
#垃圾分类#拆完快递的第一件事就是垃圾分类……上海人民都已经很自觉了,1,0,0
#杨洋 垃圾分类# 杨洋超话@杨洋 好可爱啊,0,0,0
#垃圾分类# #暖心小哇#喝了一半的哇米诺豆奶，要把剩下的一半倒掉，包装是可回收垃圾；还没有开封的哇米诺豆奶呢？还在等什么？赶快打开喝呀！ #网红豆奶#,1,0,0
#垃圾分类# 上帝明目张胆的不公平，但凡人保留偏执的权利。沈巍 垃圾分类，领先时代一步的是天才，领先十步是圣人，领先一百步的就是异类，这算领先几步？,0,1,0
#垃圾分类# 不敢去大城市玩了…,0,1,0
以前被others劝上班自带便当都是“外卖不卫生”“对身体不好”，现在开始垃圾分类，于是变成了“外卖包装对环境不好”“塑料降解一万年”“增加了公司保洁人员的工作量”，显得十恶不赦了#垃圾分类#,0,0,0
刘园媛超话 [加油]#广州##可爱一夏##垃圾分类# 从我做起。,9,22,1
布鞋穿久了破洞了怎么办？不要急着买新的（我知道你们想），稍加改造，就是一双时尚舒适的布凉鞋！#生活小妙招# #五分钟小技能# #垃圾分类# 五分钟小技能的秒拍视频,0,0,1
干垃圾、湿垃圾、有害垃圾、不可回收垃圾#垃圾分类# 给大家展示一下闭关修炼的成果,0,0,0
#垃圾分类# 这是个全球问题,0,1,1
7月1号之后，每次吃外卖，促使我空盘的最大动力就是不想打开湿垃圾桶。#垃圾分类#,2,0,0
【跟读】15秒内教你不同垃圾分类的正确发音：1）dry waste 干垃圾；2）wet waste 湿垃圾；3）kitchen waste 厨余；4）recyclable waste 可回收垃圾；与5）hazardous waste 有害垃圾。英文王子超话 #垃圾分类#,1,0,0
"15秒内教你：1）垃圾分类，garbage sorting 或 waste sorting；与2）Please sort your garbage into dry waste, wet waste, kitchen waste, recyclable waste and hazardous waste. 请把你的垃圾分成干垃圾、湿垃圾、厨余、可回收垃圾与有害垃圾。英文王子超话 #垃圾分类#",0,0,0
#垃圾分类# 我很迷茫,0,0,0
垃圾分类#垃圾分类#,1,0,0
#垃圾分类# 哈哈哈哈哈哈哈哈哈，当代中国新潮流：你会分垃圾吗？,0,0,0
#垃圾分类# 茂名 槟郎宝宝的微博视频,1,0,0
今天你#垃圾分类#了吗❓环境守卫战全民行动ing，只为守护自然的纯净！启赋3有机一直坚持为宝宝提供更纯净的有机营养！从牧场、奶牛到工厂一站式全链有机～有机牧场净化3年以上，化肥！农药！激素！每一滴营养都100%纯净想给宝宝更加纯净的有机营养❓自然选启赋3有机～,1,0,0
来了来了，它真的来了#垃圾分类# 重庆·较场口,1,0,0
商机啊垃圾分类超话#垃圾分类# #垃圾分类挑战#,2,1,0
#垃圾分类打卡挑战#【触目惊心！我们为什么一定要进行#垃圾分类#？】中国是一个垃圾生产大国，目前全国垃圾年生产量为4亿吨左右，并以约每年8%的速度递增。多年来因为垃圾处理不善，我们付出了沉重的代价。谁也不能拯救我们的家园，除了我们自己，打赢这场战争一定是艰难且漫长的， ...全文,3,0,1
胡子拉碴的实验室小叔叔是科研垃圾本人了#垃圾分类#,116,33,4
垃圾要分类，垃圾观念要粉碎。#垃圾分类##婚闹##闹婚##低俗闹婚##民俗#,4,0,0
你知道为什么上海这么急着垃圾分类吗？ #垃圾分类#,2,0,1
看了这么多新闻我真的好怕以后去上海啊，万一一个不小心垃圾分类错了，不仅要被罚款还要被人教育或者翻白眼，那我真的压力大了出去玩丢垃圾的话是不是也要垃圾分类？那在餐馆吃饭或者住旅店呢？害怕...#垃圾分类##上海垃圾分类#,0,0,0
毛骨悚然#轮到你了##轮到你了 垃圾分类宣传片##垃圾分类#,0,5,0
我觉得可以把垃圾桶换成各种动物被塑料胁迫的场景，让人产生一种同情感。保护小动物，主动垃圾分类，为了这些可爱可怜的小家伙，我相信大家会更愿意进行垃圾分类，肯定比罚款管用@绿色上海 #垃圾分类# 苏州·龙景花园,0,0,0
#垃圾分类# 为了逃避扔垃圾，我已经是能少吃就少吃，能不叫外卖就不叫，叫了外卖也不给餐具让你只能看着。减肥成功指日可待！ 上海,0,0,0
#垃圾分类# 垃圾分类，从你我做起～ 微博视频 #垃圾分类#,23,10,2
#杨洋 垃圾分类#,0,0,0
#垃圾分类# 实施后，更多人开始重视“断舍离”，其实生活也是这样，当我们丢弃掉生活中不重要的那百分之九十之后，剩下的百分之十会让我们收获更多所以如果垃圾分类可以回收一切，你最想丢掉的一样东西是什么情绪、关系、物品，又或者某个人？为什么？#上流青年の悄悄话#,2,6,1
#垃圾分类#从明白它们到底是啥垃圾开始…… @滚不动的熊川川,2,1,1
【跟读】15秒内教你不同垃圾分类的正确发音：1）dry waste 干垃圾；2）wet waste 湿垃圾；3）kitchen waste 厨余；4）recyclable waste 可回收垃圾；与5）hazardous waste 有害垃圾。英文王子超话 #垃圾分类#,0,0,3
"15秒内教你：1）垃圾分类，garbage sorting 或 waste sorting；与2）Please sort your garbage into dry waste, wet waste, kitchen waste, recyclable waste and hazardous waste. 请把你的垃圾分成干垃圾、湿垃圾、厨余、可回收垃圾与有害垃圾。英文王子超话 #垃圾分类#",1,0,1
#垃圾分类# 想知道这个药板是什么垃圾,0,2,0
#Dr.谈的冷笑话科普##垃圾分类#烂掉的牙齿属于什么垃圾？牙齿属于干垃圾/其他垃圾中的“有害垃圾”，害你钱包掏空的坏垃圾。,1,1,0
@杨洋 #杨洋 垃圾分类#,0,0,0
亮点自寻关于#垃圾分类# 的新梗出现了,0,0,0
#垃圾分类# 我们这里也有湿垃圾了,1,1,1
小猪佩琪也开始垃圾分类辽！！#垃圾分类#垃圾分类超话 长沙,1,1,0
财经超话 #垃圾分类# 焦虑怎么破？上海菜市场成精了：玉米去皮、金针菇剪根、家禽处理后再卖 Mr_謝_先森的微博视频,0,0,0
